{
  "train_loss": [
    0.4989010682746546,
    0.39811654010815406,
    0.35894901850330296,
    0.327935325120812,
    0.31631311218240366,
    0.29485936596322415,
    0.26634221068069114,
    0.2503464624508103,
    0.23041748778143925,
    0.21624347589798829,
    0.20951702479106277,
    0.19825908430476688,
    0.19510924816131592,
    0.17925093489796368,
    0.1717861192439919,
    0.1652259658744086,
    0.16771705882317983,
    0.1498775074063842,
    0.14715717977552273,
    0.14404881033879607,
    0.14559179444366427,
    0.13855428248643875,
    0.13087178333036936,
    0.12935410995981586,
    0.1261640338977771,
    0.1294827479035107,
    0.1262651004675609,
    0.12425044579292412,
    0.1241398463720706,
    0.12233417225417806
  ],
  "val_loss": [
    0.4398718493826249,
    0.3678725291700924,
    0.33504441205193014,
    0.2983810033868341,
    0.3275216625017278,
    0.26031554884770336,
    0.24534587912699757,
    0.219902383054004,
    0.2168964989045087,
    0.19487061921287985,
    0.19140124058022218,
    0.17930621084044962,
    0.18227513835710638,
    0.16994837189421935,
    0.16577754213529475,
    0.16005811796468847,
    0.1418432255878168,
    0.137818104642279,
    0.1388228930094663,
    0.1271947153350886,
    0.1323130709283492,
    0.12772630155086517,
    0.12339499855742735,
    0.11991950212156072,
    0.11604551576516207,
    0.12221795627299477,
    0.12451199398321264,
    0.12238177043550155,
    0.11743287523003186,
    0.10973698119906818
  ],
  "train_iou": [
    0.5445541878467175,
    0.6805620251306846,
    0.7167687838646903,
    0.7322412684782228,
    0.7119388927274676,
    0.7249099398726848,
    0.7548818339162798,
    0.7577091170780694,
    0.7712113697137406,
    0.7735676098225722,
    0.772446201808417,
    0.7734923878712441,
    0.7691684996903833,
    0.7792409418234184,
    0.7835103771579799,
    0.7843574267714771,
    0.7731189443104303,
    0.7974028382728349,
    0.79527602000023,
    0.7952624995317032,
    0.7894426699894578,
    0.7923150400617229,
    0.8030747219697753,
    0.8040884030399038,
    0.8043953767463342,
    0.7955204328494285,
    0.796441710706967,
    0.8000353752677121,
    0.7981560577207537,
    0.7991768139511791
  ],
  "val_iou": [
    0.5730758765164543,
    0.7036348686498755,
    0.7161051858873928,
    0.7785777309361626,
    0.7017064304912791,
    0.7728948067216312,
    0.77040595517439,
    0.7864426935420317,
    0.783644528949962,
    0.7968412392279681,
    0.7958008857334361,
    0.7997389470829683,
    0.7708779959117665,
    0.7957982210551992,
    0.7862085700035095,
    0.7855945404838113,
    0.8010294297162224,
    0.8017345912316266,
    0.8080638086094576,
    0.8151651585803312,
    0.8051886242978713,
    0.8084234104436987,
    0.8125346127678367,
    0.8127374053001404,
    0.8146260556052712,
    0.8034974687239703,
    0.7959993271266713,
    0.8022469737950493,
    0.8099392617450041,
    0.814852682983174
  ],
  "val_dice": [
    0.7188975302612081,
    0.8243329209439895,
    0.8306797742843628,
    0.874564528465271,
    0.8221091172274422,
    0.8707039917216581,
    0.8690080467392417,
    0.8795491527108585,
    0.8778198992504793,
    0.8861567728659686,
    0.8854359423412996,
    0.8878509226967307,
    0.8697122721111074,
    0.8853482674149906,
    0.8792717737310073,
    0.8787566388354582,
    0.8885745932074154,
    0.8890579237657434,
    0.8929990284583148,
    0.8974240246941062,
    0.8912953243536108,
    0.8932548761367798,
    0.895770739106571,
    0.8957715770777535,
    0.8970365945030662,
    0.8903444795047536,
    0.885476175476523,
    0.8895852039842045,
    0.8941693165723015,
    0.8971871628480799
  ],
  "lr": [
    0.0001,
    0.0001,
    0.0001,
    0.0001,
    0.0001,
    0.0001,
    0.0001,
    0.0001,
    0.0001,
    0.0001,
    0.0001,
    0.0001,
    0.0001,
    0.0001,
    0.0001,
    0.0001,
    0.0001,
    0.0001,
    0.0001,
    0.0001,
    0.0001,
    0.0001,
    0.0001,
    0.0001,
    0.0001,
    0.0001,
    0.0001,
    0.0001,
    0.0001,
    0.0001
  ]
}