{
  "train_loss": [
    0.5698829698028849,
    0.45684602189419876,
    0.4231644624204778,
    0.3855925295779954,
    0.3602330004101369,
    0.33133125594302787,
    0.3108570130903329,
    0.2917202099490522,
    0.275336792442336,
    0.25349611399778677,
    0.24214891355429122,
    0.22801636426306482,
    0.21954993614509924,
    0.20909170628483617,
    0.19608596412103568,
    0.1824980544954983,
    0.17575126486038095,
    0.17256778233976505,
    0.16228843914039098,
    0.15885921000544703,
    0.16341589747080162,
    0.1541538916861833,
    0.15058203831092634,
    0.1399534974080413,
    0.14338664577078464,
    0.1389767685488089,
    0.12774139698316803,
    0.12848342365738172,
    0.12235143080131332,
    0.11993704102377394
  ],
  "val_loss": [
    0.4714997095220229,
    0.41895289631450877,
    0.40955596110400033,
    0.3565155478084789,
    0.34637352122980003,
    0.3104001984876745,
    0.31363815770429726,
    0.310893170097295,
    0.2922266265925239,
    0.23587767779827118,
    0.21957195944645824,
    0.2111014162792879,
    0.20165811128476085,
    0.20962424225666942,
    0.19283008400131674,
    0.17120845089940465,
    0.1665618879830136,
    1.0474954527967117,
    0.14890922518337474,
    0.2522847038858077,
    0.1550645468866124,
    0.1480313364197226,
    0.13094978385111866,
    0.14374402998124852,
    0.1319701281540534,
    0.13273574192734325,
    0.12021184581167557,
    0.1296527574167532,
    0.118803710621946,
    0.123384008074508
  ],
  "train_iou": [
    0.49446789086309834,
    0.6816600565590075,
    0.7002405088339279,
    0.7341791409165112,
    0.7359191317166855,
    0.7648442654467341,
    0.7625452088775919,
    0.7680476539170564,
    0.7709768797034648,
    0.7806832532384502,
    0.7813522984732443,
    0.7806446232012848,
    0.7786314958956704,
    0.7812104581007316,
    0.7889688041672778,
    0.7937800928727904,
    0.7954488752493217,
    0.7889764211071071,
    0.7989310595526624,
    0.7940271096443062,
    0.7813513741564395,
    0.7919913886198356,
    0.7910051657192743,
    0.8032156771688319,
    0.7926208839487674,
    0.7941000310342703,
    0.8088083204938404,
    0.8059687756780368,
    0.8130194518103528,
    0.8133032740052066
  ],
  "val_iou": [
    0.6870258064831004,
    0.7340163237908307,
    0.7424072167452644,
    0.765280166093041,
    0.7587055634049809,
    0.7606458628878874,
    0.7877721996868358,
    0.7493989677990184,
    0.7541583040181328,
    0.7881383405012243,
    0.785631586523617,
    0.7995142305598539,
    0.8029865552397335,
    0.7904765009880066,
    0.7941439958179698,
    0.810763302971335,
    0.8045647985794965,
    0.19836836264413946,
    0.8087658776956446,
    0.6825017578461591,
    0.7933871465570786,
    0.804916055763469,
    0.8118413336136762,
    0.7962466864024892,
    0.8047147428288179,
    0.8049590692800634,
    0.81630399647881,
    0.8094754464486066,
    0.8206991483183468,
    0.8167416663730845
  ],
  "val_dice": [
    0.8128005441497353,
    0.8455573039896348,
    0.8514502539354212,
    0.8663176017649034,
    0.8619203392197105,
    0.8632404839291292,
    0.88030146150028,
    0.8553670504513908,
    0.8587343762902653,
    0.8805624702397514,
    0.8791126012802124,
    0.8876743491958169,
    0.889741392696605,
    0.8820637464523315,
    0.8844513226957882,
    0.8945010304450989,
    0.8907062200938954,
    0.32531726623282714,
    0.8934339144650627,
    0.8099621464224422,
    0.8838151272605447,
    0.8909113126642564,
    0.8953026638311499,
    0.8857805448419908,
    0.8909588876892539,
    0.8910265705164742,
    0.8980207653606639,
    0.8939259788569283,
    0.9007641357534072,
    0.8983721101985258
  ],
  "lr": [
    0.0001,
    0.0001,
    0.0001,
    0.0001,
    0.0001,
    0.0001,
    0.0001,
    0.0001,
    0.0001,
    0.0001,
    0.0001,
    0.0001,
    0.0001,
    0.0001,
    0.0001,
    0.0001,
    0.0001,
    0.0001,
    0.0001,
    0.0001,
    0.0001,
    0.0001,
    0.0001,
    0.0001,
    0.0001,
    0.0001,
    0.0001,
    0.0001,
    0.0001,
    0.0001
  ]
}